{
  "type": "panel",
  "name": "Echarts Scatter Panel",
  "id": "echarts-scatter-panel",
  "info": {
    "description": "Echarts Scatter Panel",
    "author": {
      "name": "Advantech",
      "url": "http://grafana.com"
    },
    "keywords": [
      "panel"
    ],
    "logos": {
      "small": "https://www.echartsjs.com/images/favicon.png",
      "large": "https://www.echartsjs.com/images/favicon.png"
    },
    "links": [],
    "screenshots": [],
    "version": "1.0.0",
    "updated": "2018-12-04"
  },
  "dependencies": {
    "grafanaVersion": "5.0",
    "plugins": []
  }
}